Date,Price,Open,High,Low,Vol.,Change %
"Mar 17, 2022",2694.51,2703.27,2714,2694.51,535.04K,1.33%
"Mar 16, 2022",2659.23,2649.85,2659.9,2630.03,736.35M,1.44%
"Mar 15, 2022",2621.53,2630.31,2641.97,2615.08,604.18M,-0.91%
"Mar 14, 2022",2645.65,2654.93,2661.76,2633.31,636.32M,-0.59%
"Mar 11, 2022",2661.28,2665.95,2672.62,2647.28,797.03M,-0.71%
"Mar 10, 2022",2680.32,2660.86,2682.79,2660.86,613.81M,2.21%
"Mar 08, 2022",2622.4,2617.33,2647.18,2605.81,540.37M,-1.09%
"Mar 07, 2022",2651.31,2680.17,2680.17,2644.1,571.56M,-2.29%
"Mar 04, 2022",2713.43,2736.58,2736.58,2702.34,765.68M,-1.22%
"Mar 03, 2022",2747.08,2729.86,2748.21,2726.35,614.51M,1.61%
"Mar 02, 2022",2703.52,2698.31,2716.46,2692.24,527.95M,0.16%
"Feb 28, 2022",2699.18,2663,2699.18,2658.25,613.47M,0.84%
"Feb 25, 2022",2676.76,2678.47,2694.81,2665.96,664.35M,1.06%
"Feb 24, 2022",2648.8,2689.28,2694.55,2642.63,926.40M,-2.60%
"Feb 23, 2022",2719.53,2727.43,2729.56,2705.31,537.84M,0.47%
"Feb 22, 2022",2706.79,2705.08,2721.84,2690.09,648.40M,-1.35%
"Feb 21, 2022",2743.8,2706.65,2746.62,2694.9,495.30M,-0.03%
"Feb 18, 2022",2744.52,2714.52,2747.08,2711.88,513.52M,0.02%
"Feb 17, 2022",2744.09,2735.11,2770.66,2711.99,611.42M,0.53%
"Feb 16, 2022",2729.68,2719.61,2730.43,2711.34,422.37M,1.99%
"Feb 15, 2022",2676.54,2712.45,2716.45,2665.47,589.04M,-1.03%
"Feb 14, 2022",2704.48,2715.1,2724.72,2688.24,616.34M,-1.57%
"Feb 11, 2022",2747.71,2739.14,2766.7,2735.08,480.52M,-0.87%
"Feb 10, 2022",2771.93,2787.44,2788.27,2761.76,509.61M,0.11%
"Feb 09, 2022",2768.85,2772.63,2773.38,2753.51,539.12M,0.81%
"Feb 08, 2022",2746.47,2767.76,2779.85,2726.72,560.53M,0.05%
"Feb 07, 2022",2745.06,2750.7,2750.7,2718.94,417.84M,-0.19%
"Feb 04, 2022",2750.26,2714.83,2751.8,2712.87,536.15M,1.57%
"Feb 03, 2022",2707.82,2706.34,2735.34,2702.78,435.71M,1.67%
"Jan 28, 2022",2663.34,2617.87,2668.59,2591.53,434.19M,1.87%
"Jan 27, 2022",2614.49,2709.24,2722.86,2614.49,487.73M,-3.50%
"Jan 26, 2022",2709.24,2729.75,2744.14,2708.1,472.65M,-0.41%
"Jan 25, 2022",2720.39,2786.41,2789.62,2703.99,639.96M,-2.56%
"Jan 24, 2022",2792,2823.76,2828.11,2780.68,473.99M,-1.49%
"Jan 21, 2022",2834.29,2837.49,2847.95,2817.11,532.75M,-0.99%
"Jan 20, 2022",2862.68,2842.28,2862.7,2830.97,395.67M,0.72%
"Jan 19, 2022",2842.28,2840.34,2871.79,2832.18,463.83M,-0.77%
"Jan 18, 2022",2864.24,2898.98,2902.79,2857.26,554.04M,-0.89%
"Jan 17, 2022",2890.1,2918.55,2919.67,2875.98,593.26M,-1.09%
"Jan 14, 2022",2921.92,2937.61,2944.97,2914.73,532.67M,-1.36%
"Jan 13, 2022",2962.09,2979.91,2982.14,2958.39,604.87M,-0.35%
"Jan 12, 2022",2972.48,2950.78,2972.58,2950.31,519.50M,1.54%
"Jan 11, 2022",2927.38,2930.93,2943.57,2909.82,566.17M,0.02%
"Jan 10, 2022",2926.72,2947.37,2951.12,2910.9,477.40M,-0.95%
"Jan 07, 2022",2954.89,2933.78,2959.03,2933.1,546.17M,1.18%
"Jan 06, 2022",2920.53,2925.4,2952.54,2915.38,786.04M,-1.13%
"Jan 05, 2022",2953.97,2984.05,2986.2,2936.73,787.35M,-1.18%
"Jan 04, 2022",2989.24,2991.97,2995.25,2973.08,621.55M,0.02%
"Jan 03, 2022",2988.77,2998.32,3010.77,2979.42,435.82M,0.37%
"Dec 30, 2021",2977.65,2999.75,3005.36,2975.74,461.04M,-0.52%
"Dec 29, 2021",2993.29,3002.9,3007.72,2988.67,545.83M,-0.89%
"Dec 28, 2021",3020.24,3006.77,3020.29,2991.55,607.05M,0.69%
"Dec 27, 2021",2999.55,3013.94,3017.31,2999.3,475.36M,-0.43%
"Dec 24, 2021",3012.43,3009.48,3025.77,3009.48,537.55M,0.48%
"Dec 23, 2021",2998.17,2998.02,3000.7,2980.91,483.84M,0.46%
"Dec 22, 2021",2984.48,2993.5,3000.79,2976.65,461.76M,0.32%
"Dec 21, 2021",2975.03,2981.67,2984.56,2955.9,410.98M,0.41%
"Dec 20, 2021",2963,3001.33,3001.33,2962.07,377.58M,-1.81%
"Dec 17, 2021",3017.73,2985.2,3017.73,2984.19,451.82M,0.38%
"Dec 16, 2021",3006.41,3013.26,3018.2,2989.63,402.82M,0.57%
"Dec 15, 2021",2989.39,2979.83,2992.3,2973,432.87M,0.05%
"Dec 14, 2021",2987.95,2983.95,3001.7,2976.16,581.57M,-0.46%
"Dec 13, 2021",3001.66,3019.67,3043.83,3000.51,375.83M,-0.28%
"Dec 10, 2021",3010.23,3008.7,3017.64,2998.29,451.60M,-0.64%
"Dec 09, 2021",3029.57,3007,3029.57,3001.55,513.44M,0.93%
"Dec 08, 2021",3001.8,3017.93,3036.13,2995.34,488.25M,0.34%
"Dec 07, 2021",2991.72,2973.84,2992.31,2960.9,541.37M,0.62%
"Dec 06, 2021",2973.25,2954.82,2983.5,2932.49,479.91M,0.17%
"Dec 03, 2021",2968.33,2935.93,2975.44,2927.55,486.75M,0.78%
"Dec 02, 2021",2945.27,2874.64,2945.27,2874.64,534.46M,1.57%
"Dec 01, 2021",2899.72,2860.12,2905.74,2837.03,563.93M,2.14%
"Nov 30, 2021",2839.01,2932.71,2942.93,2822.73,983.56M,-2.42%
"Nov 29, 2021",2909.32,2906.15,2930.22,2890.78,844.40M,-0.92%
"Nov 26, 2021",2936.44,2973.04,2985.77,2930.31,595.60M,-1.47%
"Nov 25, 2021",2980.27,2996.74,2996.74,2973.24,595.97M,-0.47%
"Nov 24, 2021",2994.29,3006.34,3017.9,2981.02,556.64M,-0.10%
"Nov 23, 2021",2997.33,3013.16,3016.36,2992.14,524.23M,-0.53%
"Nov 22, 2021",3013.25,2983.38,3018.01,2980.73,530.96M,1.42%
"Nov 19, 2021",2971.02,2951.06,2974.64,2948.07,657.09M,0.80%
"Nov 18, 2021",2947.38,2959.26,2964.48,2937.53,541.65M,-0.51%
"Nov 17, 2021",2962.42,3004.02,3004.67,2957.7,541.49M,-1.16%
"Nov 16, 2021",2997.21,2995.68,3011.88,2985.34,579.65M,-0.08%
"Nov 15, 2021",2999.52,2989.68,3003.71,2979.96,639.40M,1.03%
"Nov 12, 2021",2968.8,2945.95,2973.84,2938.27,665.73M,1.50%
"Nov 11, 2021",2924.92,2911.41,2925.19,2903.72,572.86M,-0.18%
"Nov 10, 2021",2930.17,2947.46,2958.61,2924.36,570.93M,-1.09%
"Nov 09, 2021",2962.46,2958.15,2987.28,2949.17,708.77M,0.08%
"Nov 08, 2021",2960.2,2965.36,2968.18,2930.9,560.20M,-0.31%
"Nov 05, 2021",2969.27,3003.53,3003.53,2953.96,688.03M,-0.47%
"Nov 04, 2021",2983.22,3000.92,3011.56,2978.07,772.02M,0.25%
"Nov 03, 2021",2975.71,3020.36,3020.87,2969.01,658.65M,-1.25%
"Nov 02, 2021",3013.49,2995.58,3034.3,2995.58,525.85M,1.16%
"Nov 01, 2021",2978.94,2984.18,2991.81,2976.87,475.38M,0.28%
"Oct 29, 2021",2970.68,3025.67,3030.17,2965.4,545.83M,-1.29%
"Oct 28, 2021",3009.55,3023.17,3034.42,3009.55,617.26M,-0.53%
"Oct 27, 2021",3025.49,3045.83,3049.02,3019,607.88M,-0.77%
"Oct 26, 2021",3049.08,3039.82,3051.65,3030.53,564.56M,0.94%
"Oct 25, 2021",3020.54,3001.1,3025.27,2983.29,791.80M,0.48%
"Oct 22, 2021",3006.16,3005.36,3018.7,2996.26,695.27M,-0.04%
"Oct 21, 2021",3007.33,3012.28,3025.88,3002.74,887.37M,-0.19%
"Oct 20, 2021",3013.13,3043.13,3047.24,3012.97,680.33M,-0.53%
"Oct 19, 2021",3029.04,3022.23,3034.53,3014.19,845.70M,0.74%
"Oct 18, 2021",3006.68,3017.48,3021.17,2990.44,926.37M,-0.28%
"Oct 15, 2021",3015.06,3012.62,3021.9,2999.33,857.80M,0.88%
"Oct 14, 2021",2988.64,2968.87,2988.97,2962.33,617.17M,1.50%
"Oct 13, 2021",2944.41,2913.34,2953.33,2909.47,752.13M,0.96%
"Oct 12, 2021",2916.38,2950.22,2950.94,2901.51,660.18M,-1.35%
"Oct 08, 2021",2956.3,2977.82,2978.08,2949.01,668.95M,-0.11%
"Oct 07, 2021",2959.46,2936.87,2961.53,2927.6,595.38M,1.76%
"Oct 06, 2021",2908.31,2986.06,2993.47,2908.3,901.72M,-1.82%
"Oct 05, 2021",2962.17,2998.17,2998.17,2940.59,840.56M,-1.89%
"Oct 01, 2021",3019.18,3056.21,3062.6,3015.01,855.48M,-1.62%
"Sep 30, 2021",3068.82,3054.87,3079.43,3046.43,885.82M,0.28%
"Sep 29, 2021",3060.27,3055.5,3069.04,3030.6,821.56M,-1.22%
"Sep 28, 2021",3097.92,3133.4,3134.46,3095.72,894.91M,-1.14%
"Sep 27, 2021",3133.64,3121.7,3146.35,3119.26,883.23M,0.27%
"Sep 24, 2021",3125.24,3140.73,3146.86,3119.4,753.22M,-0.07%
"Sep 23, 2021",3127.58,3123.64,3131.63,3107.98,623.84M,-0.41%
"Sep 17, 2021",3140.51,3127.75,3142.13,3112.51,589.24M,0.33%
"Sep 16, 2021",3130.09,3165.38,3167.68,3126.65,612.87M,-0.74%
"Sep 15, 2021",3153.4,3147.21,3164.01,3138.8,616.56M,0.15%
"Sep 14, 2021",3148.83,3137.32,3164.31,3137.32,713.23M,0.67%
"Sep 13, 2021",3127.86,3117.35,3139.13,3109.01,732.27M,0.07%
"Sep 10, 2021",3125.76,3121.09,3131.54,3103.38,723.08M,0.36%
"Sep 09, 2021",3114.7,3146.64,3158.6,3111.49,927.37M,-1.53%
"Sep 08, 2021",3162.99,3178.74,3187.55,3157.07,859.89M,-0.77%
"Sep 07, 2021",3187.42,3200.07,3201.76,3176.81,760.16M,-0.50%
"Sep 06, 2021",3203.33,3196.3,3206.25,3186.79,726.19M,0.07%
"Sep 03, 2021",3201.06,3189.71,3203.08,3181.64,641.51M,0.79%
"Sep 02, 2021",3175.85,3198.03,3204.01,3171.78,757.86M,-0.97%
"Sep 01, 2021",3207.02,3195.67,3215.13,3185.8,746.71M,0.24%
"Aug 31, 2021",3199.27,3144.49,3199.89,3130.3,661.22M,1.75%
"Aug 30, 2021",3144.19,3160.87,3164.87,3132.77,602.86M,0.33%
"Aug 27, 2021",3133.9,3116.29,3143.01,3106.97,520.67M,0.17%
"Aug 26, 2021",3128.53,3151.3,3159.37,3121.04,727.72M,-0.58%
"Aug 25, 2021",3146.81,3148.13,3161,3124.25,624.69M,0.27%
"Aug 24, 2021",3138.3,3119.7,3142.58,3115.23,586.53M,1.56%
"Aug 23, 2021",3090.21,3086.81,3111.81,3064.65,570.98M,0.97%
"Aug 20, 2021",3060.51,3111.1,3122.09,3049.03,672.09M,-1.20%
"Aug 19, 2021",3097.83,3140.01,3158,3097.83,655.63M,-1.93%
"Aug 18, 2021",3158.93,3141.98,3175.88,3124.56,622.79M,0.50%
"Aug 17, 2021",3143.09,3169.74,3179.49,3134.48,690.84M,-0.89%
"Aug 13, 2021",3171.29,3205.75,3209.72,3146.76,696.47M,-1.16%
"Aug 12, 2021",3208.38,3213.58,3229.59,3202.11,643.28M,-0.38%
"Aug 11, 2021",3220.62,3235.36,3250.21,3217.65,618.09M,-0.70%
"Aug 10, 2021",3243.19,3272.44,3272.44,3232.46,730.35M,-0.53%
"Aug 09, 2021",3260.42,3258.1,3275.15,3251.74,707.65M,-0.30%
"Aug 06, 2021",3270.36,3277.06,3288.17,3261.93,941.36M,-0.18%
"Aug 05, 2021",3276.13,3283.25,3296.17,3273.33,680.94M,-0.13%
"Aug 04, 2021",3280.38,3246.65,3283.14,3237.55,632.24M,1.34%
"Aug 03, 2021",3237.14,3221.57,3237.14,3213.2,653.51M,0.44%
"Aug 02, 2021",3223.04,3218.42,3223.04,3194,561.00M,0.65%
"Jul 30, 2021",3202.32,3234.37,3234.66,3202.32,687.86M,-1.24%
"Jul 29, 2021",3242.65,3248.49,3252.26,3232.5,694.82M,0.18%
"Jul 28, 2021",3236.86,3226.06,3243.21,3210.9,868.60M,0.13%
"Jul 27, 2021",3232.53,3244.43,3252.85,3230.75,991.94M,0.24%
"Jul 26, 2021",3224.95,3265.99,3265.99,3224.95,826.07M,-0.91%
"Jul 23, 2021",3254.42,3253.44,3264.01,3246.09,805.05M,0.13%
"Jul 22, 2021",3250.21,3235.17,3253.75,3235.17,712.98M,1.07%
"Jul 21, 2021",3215.91,3251.13,3252.25,3215.91,990.33M,-0.52%
"Jul 20, 2021",3232.7,3223.24,3234.8,3214.42,979.67M,-0.35%
"Jul 19, 2021",3244.04,3258.87,3258.87,3236.39,1.10B,-1.00%
"Jul 16, 2021",3276.91,3282.89,3282.89,3259.32,1.07B,-0.28%
"Jul 15, 2021",3286.22,3269.33,3286.58,3263.09,1.17B,0.66%
"Jul 14, 2021",3264.81,3270.09,3270.09,3250.45,908.95M,-0.20%
"Jul 13, 2021",3271.38,3253.24,3273.9,3253.24,1.15B,0.77%
"Jul 12, 2021",3246.47,3227.51,3251.45,3227.51,1.14B,0.89%
"Jul 09, 2021",3217.95,3245.52,3245.52,3188.8,1.31B,-1.07%
"Jul 08, 2021",3252.68,3287.68,3295.71,3252.41,1.52B,-0.99%
"Jul 07, 2021",3285.34,3303.59,3303.59,3277.66,1.15B,-0.60%
"Jul 06, 2021",3305.21,3295.44,3313.51,3295.44,1.03B,0.36%
"Jul 05, 2021",3293.21,3285.29,3298.93,3285.29,850.41M,0.35%
"Jul 02, 2021",3281.78,3282.81,3295.68,3278.19,1.02B,-0.01%
"Jul 01, 2021",3282.06,3297.92,3300.12,3278.1,1.16B,-0.44%
"Jun 30, 2021",3296.68,3288.63,3305.73,3288.63,1.61B,0.30%
"Jun 29, 2021",3286.68,3305.26,3305.42,3276.63,1.21B,-0.46%
"Jun 28, 2021",3301.89,3305.46,3311.69,3291.3,1.43B,-0.03%
"Jun 25, 2021",3302.84,3289.18,3316.08,3289.18,1.20B,0.51%
"Jun 24, 2021",3286.1,3281.47,3292.27,3277.85,1.30B,0.30%
"Jun 23, 2021",3276.19,3265.73,3281.88,3263.07,1.07B,0.38%
"Jun 22, 2021",3263.88,3245.79,3267.63,3245.79,1.67B,0.71%
"Jun 21, 2021",3240.79,3264.18,3264.18,3225.56,1.51B,-0.83%
"Jun 18, 2021",3267.93,3265.68,3275.76,3262.58,1.63B,0.09%
"Jun 17, 2021",3264.96,3276.2,3276.2,3251.32,1.85B,-0.42%
"Jun 16, 2021",3278.68,3259.06,3281.96,3256.68,2.35B,0.62%
"Jun 15, 2021",3258.63,3253.17,3262.8,3247.9,1.73B,0.20%
"Jun 14, 2021",3252.13,3249.6,3254.49,3238.51,1.66B,0.09%
"Jun 11, 2021",3249.32,3226.98,3251.58,3226.98,1.65B,0.77%
"Jun 10, 2021",3224.64,3216.94,3235.39,3210.31,1.90B,0.26%
"Jun 09, 2021",3216.18,3245.08,3246.49,3216.18,1.96B,-0.97%
"Jun 08, 2021",3247.83,3251.83,3264.67,3242.56,1.95B,-0.13%
"Jun 07, 2021",3252.12,3244.59,3264.41,3233.4,1.73B,0.37%
"Jun 04, 2021",3240.08,3246.17,3246.19,3218.67,1.39B,-0.23%
"Jun 03, 2021",3247.43,3224.96,3258.5,3224.96,1.58B,0.72%
"Jun 02, 2021",3224.23,3224.4,3241.07,3216.1,1.50B,0.07%
"Jun 01, 2021",3221.87,3207.12,3233.17,3199.18,1.47B,0.56%
"May 31, 2021",3203.92,3192.06,3204.29,3179.87,1.12B,0.48%
"May 28, 2021",3188.73,3172.09,3198.66,3171.85,966.37M,0.73%
"May 27, 2021",3165.51,3170.84,3173.86,3142.37,1.08B,-0.09%
"May 26, 2021",3168.43,3171.91,3183.97,3160.3,1.27B,-0.09%
"May 25, 2021",3171.32,3152.93,3173.1,3148.3,612.98M,0.86%
"May 24, 2021",3144.3,3155.91,3163.27,3137.81,587.97M,-0.38%
"May 21, 2021",3156.42,3171.91,3198.01,3149.46,797.26M,-0.19%
"May 20, 2021",3162.28,3174.53,3174.53,3140.48,774.25M,-0.34%
"May 18, 2021",3173.05,3135.38,3176.4,3135.38,786.14M,1.23%
"May 17, 2021",3134.52,3163.21,3173.01,3121.32,771.31M,-0.60%
"May 14, 2021",3153.32,3131.35,3162.31,3131.35,836.40M,1.00%
"May 13, 2021",3122.11,3146.97,3161.93,3103.88,1.10B,-1.25%
"May 12, 2021",3161.66,3209.36,3212.83,3138.04,1.42B,-1.49%
"May 11, 2021",3209.43,3239.92,3239.92,3192.25,1.10B,-1.23%
"May 10, 2021",3249.3,3201.46,3255.9,3201.46,1.01B,1.63%
"May 07, 2021",3197.2,3179.63,3205.11,3179.63,989.68M,0.58%
"May 06, 2021",3178.74,3147.72,3178.74,3133.64,1.24B,1.00%
"May 04, 2021",3147.37,3131.39,3147.38,3109.78,1.28B,0.64%
"May 03, 2021",3127.2,3149.05,3174.26,3120.7,1.04B,-0.66%
"Apr 30, 2021",3147.86,3176.43,3179.43,3143.38,1.36B,-0.83%
"Apr 29, 2021",3174.07,3184.75,3200.41,3161.06,1.22B,-0.23%
"Apr 28, 2021",3181.47,3217.21,3219.69,3176.55,1.41B,-1.06%
"Apr 27, 2021",3215.42,3218.3,3223.05,3203.25,1.53B,-0.07%
"Apr 26, 2021",3217.53,3191.34,3217.53,3191.34,1.30B,0.99%
"Apr 23, 2021",3186.1,3173.47,3188.7,3146.54,2.25B,0.27%
"Apr 22, 2021",3177.52,3174.52,3196.97,3174.52,1.75B,0.18%
"Apr 21, 2021",3171.66,3214.24,3214.24,3165.49,1.77B,-1.52%
"Apr 20, 2021",3220.7,3198.31,3220.82,3195.96,1.30B,0.68%
"Apr 19, 2021",3198.84,3201.11,3214.45,3193.4,1.06B,0.01%
"Apr 16, 2021",3198.62,3194.08,3206.76,3185.67,985.28M,0.13%
"Apr 15, 2021",3194.33,3180.73,3204.48,3178.99,1.31B,0.38%
"Apr 14, 2021",3182.38,3169.95,3188.32,3162.12,1.78B,0.42%
"Apr 13, 2021",3169.08,3138.21,3173.26,3136.99,1.74B,1.07%
"Apr 12, 2021",3135.59,3134.88,3147.27,3127.91,1.05B,0.12%
"Apr 09, 2021",3131.88,3146.51,3156.04,3125.24,1.82B,-0.36%
"Apr 08, 2021",3143.26,3137.25,3145.81,3122.09,1.36B,0.19%
"Apr 07, 2021",3137.41,3129.07,3146.19,3125.33,1.98B,0.33%
"Apr 06, 2021",3127.08,3123.8,3139.29,3110.19,1.28B,0.20%
"Apr 05, 2021",3120.83,3121.23,3127.2,3101.86,1.08B,0.26%
"Apr 02, 2021",3112.8,3104.72,3121.58,3101.6,792.70M,0.82%
"Apr 01, 2021",3087.4,3073.77,3090.88,3069.68,922.68M,0.85%
"Mar 31, 2021",3061.42,3073.39,3093.89,3061.4,1.15B,-0.28%
"Mar 30, 2021",3070,3038.44,3074.57,3038.44,1.02B,1.12%
"Mar 29, 2021",3036.04,3047.71,3054.21,3025.39,1.29B,-0.16%
"Mar 26, 2021",3041.01,3012.79,3041.86,3012.79,1.04B,1.09%
"Mar 25, 2021",3008.33,2995.67,3024.63,2987.83,940.35M,0.40%
"Mar 24, 2021",2996.35,2996.32,3006.54,2971.04,978.43M,-0.28%
"Mar 23, 2021",3004.74,3038.25,3058.79,3003.05,1.33B,-1.01%
"Mar 22, 2021",3035.46,3040.01,3048.11,3019.6,915.74M,-0.13%
"Mar 19, 2021",3039.53,3063.01,3063.01,3022.49,1.07B,-0.86%
"Mar 18, 2021",3066.01,3054.93,3090.19,3054.93,1.23B,0.61%
"Mar 17, 2021",3047.5,3067.76,3069.57,3027.2,814.99M,-0.64%
"Mar 16, 2021",3067.17,3049.23,3071.54,3049.23,1.12B,0.70%
"Mar 15, 2021",3045.71,3057.06,3065.17,3036.14,1.16B,-0.28%
"Mar 12, 2021",3054.39,3030.73,3061.43,3030.73,1.67B,1.35%
"Mar 11, 2021",3013.7,2964.3,3028.37,2964.3,1.35B,1.88%
"Mar 10, 2021",2958.12,2980.76,3013.95,2951.53,905.65M,-0.60%
"Mar 09, 2021",2976.12,2989.96,3000.49,2929.36,1.53B,-0.67%
"Mar 08, 2021",2996.11,3031.99,3055.65,2992.64,1.93B,-1.00%
"Mar 05, 2021",3026.26,3036.16,3036.98,2982.45,1.19B,-0.57%
"Mar 04, 2021",3043.49,3076.88,3076.88,3022.54,1.28B,-1.28%
"Mar 03, 2021",3082.99,3041.2,3083.04,3029.37,2.24B,1.29%
"Mar 02, 2021",3043.87,3021.68,3096.5,3020.74,1.75B,1.03%
"Feb 26, 2021",3012.95,3089.49,3089.49,2988.28,1.36B,-2.80%
"Feb 25, 2021",3099.69,3026.47,3099.8,3026.47,1.28B,3.50%
"Feb 24, 2021",2994.98,3070.58,3092.05,2993.46,1.56B,-2.45%
"Feb 23, 2021",3070.09,3069.26,3094.29,3035.46,2.36B,-0.31%
"Feb 22, 2021",3079.75,3114.03,3142.48,3079.16,1.83B,-0.90%
"Feb 19, 2021",3107.62,3089.96,3109.67,3040.28,3.46B,0.68%
"Feb 18, 2021",3086.66,3131.74,3140.4,3086.66,1.86B,-1.50%
"Feb 17, 2021",3133.73,3162.95,3162.95,3115.48,1.78B,-0.93%
"Feb 16, 2021",3163.25,3151.85,3180.94,3145.84,1.94B,0.52%
"Feb 15, 2021",3147,3108.7,3156.56,3108.7,1.60B,1.50%
"Feb 10, 2021",3100.58,3088.13,3111.88,3064.25,2.15B,0.52%
"Feb 09, 2021",3084.67,3102.25,3129.66,3084.67,2.15B,-0.21%
"Feb 08, 2021",3091.24,3113.63,3128.54,3085.59,1.28B,-0.94%
"Feb 05, 2021",3120.63,3098.49,3124.62,3081.78,1.19B,1.07%
"Feb 04, 2021",3087.55,3135.02,3135.02,3068.46,1.46B,-1.35%
"Feb 03, 2021",3129.68,3108.42,3142.26,3091.85,901.79M,1.06%
"Feb 02, 2021",3096.81,3065.56,3138.95,3065.56,887.31M,1.32%
"Feb 01, 2021",3056.53,2976.81,3056.87,2947.24,969.26M,2.70%
"Jan 29, 2021",2976.21,3078.73,3100.22,2962.7,995.07M,-3.03%
"Jan 28, 2021",3069.05,3114.98,3114.98,3046.64,1.31B,-1.71%
"Jan 27, 2021",3122.56,3143.46,3182.53,3118.89,924.58M,-0.57%
"Jan 26, 2021",3140.31,3203.96,3209.18,3132.67,873.02M,-2.14%
"Jan 25, 2021",3208.99,3144.01,3212.22,3142.8,1.09B,2.18%
"Jan 22, 2021",3140.63,3163.83,3185.26,3140.6,1.11B,-0.64%
"Jan 21, 2021",3160.84,3123.27,3163.21,3123.27,1.36B,1.49%
"Jan 20, 2021",3114.55,3115.04,3145.01,3077.15,1.19B,0.71%
"Jan 19, 2021",3092.66,3013.05,3107,3011.32,1.35B,2.61%
"Jan 18, 2021",3013.93,3079.9,3079.9,3003.89,1.47B,-2.33%
"Jan 15, 2021",3085.9,3153.84,3189.9,3085.9,1.33B,-2.03%
"Jan 14, 2021",3149.93,3148.65,3159.03,3128.72,1.23B,0.05%
"Jan 13, 2021",3148.29,3128.26,3164.37,3109.63,1.58B,0.71%
"Jan 12, 2021",3125.95,3145.87,3154.79,3047.56,1.39B,-0.71%
"Jan 11, 2021",3148.45,3161.9,3266.23,3096.19,1.71B,-0.12%
"Jan 08, 2021",3152.18,3040.11,3161.11,3040.11,1.30B,3.97%
"Jan 07, 2021",3031.68,2980.75,3055.28,2980.75,1.52B,2.14%
"Jan 06, 2021",2968.21,2993.34,3027.16,2961.37,1.79B,-0.75%
"Jan 05, 2021",2990.57,2943.67,2990.57,2921.84,1.52B,1.57%
"Jan 04, 2021",2944.45,2874.5,2946.54,2869.11,1.03B,2.47%
"Dec 30, 2020",2873.47,2820.36,2878.21,2809.35,1.07B,1.88%
"Dec 29, 2020",2820.51,2810.55,2823.44,2792.06,1.05B,0.42%
"Dec 28, 2020",2808.6,2820.95,2834.59,2799.56,1.01B,0.06%
"Dec 24, 2020",2806.86,2762.6,2812.16,2762.6,1.03B,1.70%
"Dec 23, 2020",2759.82,2737.74,2769.08,2716.28,1.12B,0.96%
"Dec 22, 2020",2733.68,2772.03,2774.22,2733.64,1.26B,-1.62%
"Dec 21, 2020",2778.65,2771.98,2780.24,2747.09,1.14B,0.23%
"Dec 18, 2020",2772.18,2770.95,2782.15,2762.8,1.06B,0.06%
"Dec 17, 2020",2770.43,2769.89,2772.71,2742.25,1.02B,-0.05%
"Dec 16, 2020",2771.79,2763.64,2781.08,2761.5,1.17B,0.54%
"Dec 15, 2020",2756.82,2763.65,2769.37,2735.08,1.09B,-0.19%
"Dec 14, 2020",2762.2,2769.43,2782.79,2755.29,1.11B,-0.28%
"Dec 11, 2020",2770.06,2754.16,2781.04,2754.16,1.22B,0.86%
"Dec 10, 2020",2746.46,2750.34,2765.46,2718.7,1.23B,-0.33%
"Dec 09, 2020",2755.47,2703.3,2755.47,2703.3,1.25B,2.02%
"Dec 08, 2020",2700.93,2745.13,2747.45,2700.92,1.42B,-1.62%
"Dec 07, 2020",2745.44,2738.11,2754.01,2711.42,1.50B,0.51%
"Dec 04, 2020",2731.45,2705.34,2742.77,2705.34,1.78B,1.31%
"Dec 03, 2020",2696.22,2686.38,2696.22,2672.85,817.07M,0.76%
"Dec 02, 2020",2675.9,2645.88,2677.26,2644.53,1.08B,1.58%
"Dec 01, 2020",2634.25,2613.42,2638.87,2611.67,1.15B,1.66%
"Nov 30, 2020",2591.34,2648.05,2648.66,2591.34,1.31B,-1.60%
"Nov 27, 2020",2633.45,2624.8,2635,2618.47,1.20B,0.29%
"Nov 26, 2020",2625.91,2605.73,2625.97,2592.43,1.39B,0.94%
"Nov 25, 2020",2601.54,2637.34,2642.26,2583.41,1.41B,-0.62%
"Nov 24, 2020",2617.76,2616.28,2628.52,2605.03,1.36B,0.58%
"Nov 23, 2020",2602.59,2560.04,2605.58,2553.7,1.65B,1.92%
"Nov 20, 2020",2553.5,2544.06,2558.21,2539.79,1.13B,0.24%
"Nov 19, 2020",2547.42,2536.89,2548.95,2529.53,976.48M,0.07%
"Nov 18, 2020",2545.64,2548.85,2553.95,2536.78,923.50M,0.26%
"Nov 17, 2020",2539.15,2544.12,2556.09,2533.34,1.27B,-0.15%
"Nov 16, 2020",2543.03,2507.46,2546.37,2507.46,1.24B,1.97%
"Nov 13, 2020",2493.87,2470.12,2495.77,2460.96,1.07B,0.74%
"Nov 12, 2020",2475.62,2482.68,2488.79,2467.04,1.28B,-0.41%
"Nov 11, 2020",2485.87,2459.5,2488.04,2459.5,1.27B,1.35%
"Nov 10, 2020",2452.83,2453.95,2457.94,2435.59,1.46B,0.23%
"Nov 09, 2020",2447.2,2438.63,2459.15,2434.52,1.35B,1.27%
"Nov 06, 2020",2416.5,2421.79,2431.11,2404.97,825.57M,0.11%
"Nov 05, 2020",2413.79,2373.41,2413.79,2370.85,702.04M,2.40%
"Nov 04, 2020",2357.32,2361.32,2371.14,2339.95,986.79M,0.60%
"Nov 03, 2020",2343.31,2315.81,2344.77,2315.3,887.44M,1.88%
"Nov 02, 2020",2300.16,2276.61,2302.64,2267.95,678.50M,1.46%
"Oct 30, 2020",2267.15,2319.56,2320.2,2266.93,795.59M,-2.56%
"Oct 29, 2020",2326.67,2312.34,2330.17,2299.91,509.77M,-0.79%
"Oct 28, 2020",2345.26,2324.18,2345.46,2316.47,705.77M,0.62%
"Oct 27, 2020",2330.84,2328.66,2349.33,2321.23,666.94M,-0.56%
"Oct 26, 2020",2343.91,2366.5,2374.5,2342.58,822.27M,-0.72%
"Oct 23, 2020",2360.81,2364.84,2368.57,2344.49,890.38M,0.24%
"Oct 22, 2020",2355.05,2355.61,2360.22,2339.73,815.61M,-0.67%
"Oct 21, 2020",2370.86,2363.03,2371.74,2356.32,812.84M,0.53%
"Oct 20, 2020",2358.41,2333.56,2358.41,2322.06,874.29M,0.50%
"Oct 19, 2020",2346.74,2352.92,2364.25,2344.77,931.64M,0.22%
"Oct 16, 2020",2341.53,2363.88,2370.73,2325.03,920.20M,-0.83%
"Oct 15, 2020",2361.21,2375.91,2376.73,2348.74,1.17B,-0.81%
"Oct 14, 2020",2380.48,2403.74,2405.56,2375.54,901.18M,-0.94%
"Oct 13, 2020",2403.15,2416.85,2418.89,2385.87,724.92M,-0.02%
"Oct 12, 2020",2403.73,2404.18,2409.42,2393.74,843.57M,0.49%
"Oct 08, 2020",2391.96,2408.49,2409.01,2383.82,961.73M,0.21%
"Oct 07, 2020",2386.94,2350.82,2387.45,2347.82,737.99M,0.89%
"Oct 06, 2020",2365.9,2369.17,2378.28,2355.39,861.75M,0.34%
"Oct 05, 2020",2358,2330.55,2364.73,2327.83,763.62M,1.29%
"Sep 29, 2020",2327.89,2331.51,2339.83,2320.04,646.22M,0.86%
"Sep 28, 2020",2308.08,2301.16,2314.81,2291.32,605.98M,1.29%
"Sep 25, 2020",2278.79,2295.19,2296.36,2267.63,697.96M,0.27%
"Sep 24, 2020",2272.7,2295.62,2309.74,2268.88,714.88M,-2.59%
"Sep 23, 2020",2333.24,2352.56,2354.46,2287.44,735.04M,0.03%
"Sep 22, 2020",2332.59,2388.14,2388.49,2323.58,1.05B,-2.38%
"Sep 21, 2020",2389.39,2412.44,2427.17,2379.38,1.04B,-0.95%
"Sep 18, 2020",2412.4,2413.53,2417.81,2396.33,756.52M,0.26%
"Sep 17, 2020",2406.17,2430.77,2437.02,2398.69,853.74M,-1.22%
"Sep 16, 2020",2435.92,2442.72,2450.53,2429.94,772.94M,-0.31%
"Sep 15, 2020",2443.58,2434.59,2444.57,2423.79,849.97M,0.65%
"Sep 14, 2020",2427.91,2418.33,2429.07,2410.79,963.08M,1.30%
"Sep 11, 2020",2396.69,2389.76,2397.56,2374,882.88M,0.01%
"Sep 10, 2020",2396.48,2404.83,2406.68,2388.56,1.06B,0.87%
"Sep 09, 2020",2375.81,2372.53,2388.85,2369.12,946.25M,-1.09%
"Sep 08, 2020",2401.91,2402.66,2407.56,2391.43,979.36M,0.74%
"Sep 07, 2020",2384.22,2369.85,2387.49,2362.42,1.20B,0.67%
"Sep 04, 2020",2368.25,2332.68,2371.02,2332.68,1.35B,-1.15%
"Sep 03, 2020",2395.9,2383.26,2401.78,2382.23,981.55M,1.33%
"Sep 02, 2020",2364.37,2363.43,2369.57,2341.29,1.43B,0.63%
"Sep 01, 2020",2349.55,2340.19,2355.9,2331.23,1.09B,1.01%
"Aug 31, 2020",2326.17,2377.09,2381.5,2326.06,1.65B,-1.17%
"Aug 28, 2020",2353.8,2362.22,2379.26,2345.28,1.30B,0.40%
"Aug 27, 2020",2344.45,2371.95,2373.36,2344.38,913.92M,-1.05%
"Aug 26, 2020",2369.32,2367.74,2374.68,2336.98,956.48M,0.11%
"Aug 25, 2020",2366.73,2352.15,2369.78,2340.97,771.58M,1.58%
"Aug 24, 2020",2329.83,2309.38,2332.33,2283.48,649.28M,1.10%
"Aug 21, 2020",2304.59,2306.16,2329.34,2280.97,865.73M,1.34%
"Aug 20, 2020",2274.22,2339.91,2357.08,2270.85,903.74M,-3.66%
"Aug 19, 2020",2360.54,2370.87,2380.1,2353.17,637.96M,0.52%
"Aug 18, 2020",2348.24,2405.84,2419.65,2336.78,909.75M,-2.46%
"Aug 14, 2020",2407.49,2427.85,2435,2383.69,968.12M,-1.23%
"Aug 13, 2020",2437.53,2455.28,2458.17,2412.49,907.22M,0.21%
"Aug 12, 2020",2432.35,2414.78,2432.35,2393.27,763.73M,0.57%
"Aug 11, 2020",2418.67,2396.11,2429.36,2396.11,843.44M,1.35%
"Aug 10, 2020",2386.38,2353.92,2390.51,2349.33,784.62M,1.48%
"Aug 07, 2020",2351.67,2349.25,2362.24,2333.62,812.59M,0.39%
"Aug 06, 2020",2342.61,2322.64,2352.48,2322.64,797.15M,1.33%
"Aug 05, 2020",2311.86,2289.23,2312.14,2283.95,841.30M,1.40%
"Aug 04, 2020",2279.97,2272.33,2284.66,2269.69,722.91M,1.29%
"Aug 03, 2020",2251.04,2251.65,2254.38,2237.04,648.46M,0.07%
"Jul 31, 2020",2249.37,2278.53,2281.41,2248.49,739.69M,-0.78%
"Jul 30, 2020",2267.01,2275.33,2281.33,2263.81,713.04M,0.17%
"Jul 29, 2020",2263.16,2258.35,2276.79,2252.24,899.49M,0.27%
"Jul 28, 2020",2256.99,2238.19,2266,2237.21,866.72M,1.76%
"Jul 27, 2020",2217.86,2203.48,2231.25,2203.48,928.62M,0.79%
"Jul 24, 2020",2200.44,2196.73,2219.57,2195.49,1.00B,-0.71%
"Jul 23, 2020",2216.19,2227.24,2227.24,2202.99,934.54M,-0.56%
"Jul 22, 2020",2228.66,2228.2,2238.86,2221.62,856.22M,-0.01%
"Jul 21, 2020",2228.83,2219.19,2234.86,2214.28,918.48M,1.39%
"Jul 20, 2020",2198.2,2209.59,2209.59,2183.83,686.82M,-0.14%
"Jul 17, 2020",2201.19,2187.85,2204.2,2187.85,569.30M,0.80%
"Jul 16, 2020",2183.76,2203.3,2207.34,2177.82,784.64M,-0.82%
"Jul 15, 2020",2201.88,2208.73,2216.97,2190.66,830.27M,0.84%
"Jul 14, 2020",2183.61,2176.43,2183.61,2165.6,810.95M,-0.11%
"Jul 13, 2020",2186.06,2170.51,2188.8,2163.07,650.23M,1.67%
"Jul 10, 2020",2150.25,2171.44,2171.52,2140.29,886.99M,-0.81%
"Jul 09, 2020",2167.9,2171.15,2181.48,2166.74,619.37M,0.42%
"Jul 08, 2020",2158.88,2166.76,2173.83,2150.89,677.81M,-0.24%
"Jul 07, 2020",2164.17,2202.04,2206.79,2164.03,847.43M,-1.09%
"Jul 06, 2020",2187.93,2158.95,2191.28,2157.71,666.90M,1.65%
"Jul 03, 2020",2152.41,2147.89,2153.54,2135.3,770.05M,0.80%
"Jul 02, 2020",2135.37,2116.72,2135.37,2113.98,1.09B,1.36%
"Jul 01, 2020",2106.7,2128.81,2133.55,2101.33,1.12B,-0.08%
"Jun 30, 2020",2108.33,2124.38,2134.38,2108.26,708.60M,0.71%
"Jun 29, 2020",2093.48,2105.54,2120.5,2087.84,643.16M,-1.93%
"Jun 26, 2020",2134.65,2137.47,2142.04,2115.25,761.04M,1.05%
"Jun 25, 2020",2112.37,2130.45,2143.33,2112.37,1.02B,-2.27%
"Jun 24, 2020",2161.51,2145.93,2171.86,2143.91,913.90M,1.42%
"Jun 23, 2020",2131.24,2149.13,2158.15,2110.51,917.57M,0.21%
"Jun 22, 2020",2126.73,2126.38,2142.88,2122.1,789.37M,-0.68%
"Jun 19, 2020",2141.32,2153.09,2153.57,2108.91,1.08B,0.37%
"Jun 18, 2020",2133.48,2134.35,2145.13,2120.29,767.18M,-0.35%
"Jun 17, 2020",2141.05,2133.18,2154.37,2105.26,927.52M,0.14%
"Jun 16, 2020",2138.05,2091.09,2138.08,2079.02,973.64M,5.28%
"Jun 15, 2020",2030.82,2114.41,2129.67,2030.82,1.07B,-4.76%
"Jun 12, 2020",2132.3,2088.24,2137.12,2084.63,689.90M,-2.04%
"Jun 11, 2020",2176.78,2184.36,2200.72,2148.51,827.38M,-0.86%
"Jun 10, 2020",2195.69,2187.91,2200.68,2178.12,706.29M,0.31%
"Jun 09, 2020",2188.92,2206.23,2212.17,2166.01,817.08M,0.21%
"Jun 08, 2020",2184.29,2215.6,2217.21,2174.96,854.04M,0.11%
"Jun 05, 2020",2181.87,2151.17,2187.25,2138.18,854.59M,1.43%
"Jun 04, 2020",2151.18,2181.64,2191,2139.68,1.39B,0.19%
"Jun 03, 2020",2147,2108.55,2156.55,2107.69,1.15B,2.87%
"Jun 02, 2020",2087.19,2061.45,2089.43,2059.14,1.00B,1.07%
"Jun 01, 2020",2065.08,2037.04,2065.38,2035.63,997.35M,1.75%
"May 29, 2020",2029.6,2018.37,2038.89,2006.62,1.09B,0.05%
"May 28, 2020",2028.54,2047.08,2054.52,2003.75,1.17B,-0.13%
"May 27, 2020",2031.2,2027.9,2043.44,2019.82,1.18B,0.07%
"May 26, 2020",2029.78,2001,2029.89,1997.94,1.02B,1.76%
"May 25, 2020",1994.6,1980.51,1994.9,1967.84,641.46M,1.24%
"May 22, 2020",1970.13,2001.6,2002.65,1961.4,847.47M,-1.41%
"May 21, 2020",1998.31,2003.2,2004.95,1993,601.20M,0.44%
"May 20, 2020",1989.64,1972.12,1992.2,1972.12,699.45M,0.46%
"May 19, 2020",1980.61,1977.47,1983.77,1968.59,773.41M,2.25%
"May 18, 2020",1937.11,1934.51,1943.07,1921.14,761.69M,0.51%
"May 15, 2020",1927.28,1937.63,1938.59,1913.21,866.36M,0.12%
"May 14, 2020",1924.96,1922.44,1931.43,1913.49,760.65M,-0.80%
"May 13, 2020",1940.42,1897.5,1940.42,1897.24,618.78M,0.95%
"May 12, 2020",1922.17,1938.62,1938.62,1905.17,799.93M,-0.68%
"May 11, 2020",1935.4,1953.51,1960.46,1932.87,591.28M,-0.54%
"May 08, 2020",1945.82,1944.94,1956.89,1942.54,784.77M,0.89%
"May 07, 2020",1928.61,1922,1938.5,1918.57,775.66M,-0.01%
"May 06, 2020",1928.76,1919.45,1928.76,1902.55,1.08B,1.76%
"May 04, 2020",1895.37,1906.42,1918.66,1894.29,1.15B,-2.68%
"Apr 29, 2020",1947.56,1936.89,1957.51,1934.31,1.98B,0.70%
"Apr 28, 2020",1934.09,1931.25,1941.79,1911.63,1.17B,0.59%
"Apr 27, 2020",1922.77,1897.06,1929.82,1894.62,735.66M,1.79%
"Apr 24, 2020",1889.01,1906.07,1908.29,1880.71,933.92M,-1.34%
"Apr 23, 2020",1914.73,1907.45,1923.53,1895.98,683.72M,0.98%
"Apr 22, 2020",1896.15,1855.51,1897.9,1844.85,820.36M,0.89%
"Apr 21, 2020",1879.38,1886.78,1898.32,1841.66,1.17B,-1.00%
"Apr 20, 2020",1898.36,1908.34,1925.25,1893.17,1.09B,-0.84%
"Apr 17, 2020",1914.53,1893.31,1926.02,1893.19,1.67B,3.09%
"Apr 16, 2020",1857.07,1839.51,1862.23,1828.13,878.34M,-0.00%
"Apr 14, 2020",1857.08,1846.41,1864.46,1837.17,886.77M,1.72%
"Apr 13, 2020",1825.76,1853.3,1853.3,1825.76,1.02B,-1.88%
"Apr 10, 2020",1860.7,1835.76,1861.1,1824.43,992.55M,1.33%
"Apr 09, 2020",1836.21,1838.09,1839.33,1818.3,920.57M,1.61%
"Apr 08, 2020",1807.14,1815.75,1842.16,1801.8,907.49M,-0.90%
"Apr 07, 2020",1823.6,1826.72,1838.97,1791.92,951.74M,1.77%
"Apr 06, 2020",1791.88,1745.25,1794.19,1742.67,1.22B,3.85%
"Apr 03, 2020",1725.44,1731.17,1743.91,1706.68,1.00B,0.03%
"Apr 02, 2020",1724.86,1693.53,1726.76,1664.13,766.31M,2.34%
"Apr 01, 2020",1685.46,1737.28,1762.44,1685.37,1.24B,-3.94%
"Mar 31, 2020",1754.64,1739.29,1757.81,1722.62,1.04B,2.19%
"Mar 30, 2020",1717.12,1670.34,1729.63,1659.95,767.78M,-0.04%
"Mar 27, 2020",1717.73,1756.07,1759.05,1668.21,1.08B,1.87%
"Mar 26, 2020",1686.24,1699.11,1735.75,1679.23,992.47M,-1.09%
"Mar 25, 2020",1704.76,1668.19,1707.64,1645.28,872.81M,5.89%
"Mar 24, 2020",1609.97,1523.69,1609.97,1508.68,679.29M,8.60%
"Mar 23, 2020",1482.46,1474.45,1516.75,1458.41,647.53M,-5.34%
"Mar 20, 2020",1566.15,1498.49,1566.82,1466.48,817.02M,7.44%
"Mar 19, 2020",1457.64,1626.09,1626.09,1439.43,977.67M,-8.39%
"Mar 18, 2020",1591.2,1686.12,1693.95,1591.12,728.01M,-4.86%
"Mar 17, 2020",1672.44,1640.84,1722.97,1637.88,649.78M,-2.47%
"Mar 16, 2020",1714.86,1805.43,1805.43,1714.38,682.00M,-3.19%
"Mar 13, 2020",1771.44,1722.68,1809.31,1680.6,1.04B,-3.43%
"Mar 12, 2020",1834.33,1887.97,1897.23,1808.56,850.34M,-3.87%
"Mar 11, 2020",1908.27,1965.67,1967.7,1898.27,679.72M,-2.78%
"Mar 10, 2020",1962.93,1942.85,1968.17,1934.72,638.56M,0.42%
"Mar 09, 2020",1954.77,1981.02,1989.5,1946.9,666.87M,-4.19%
"Mar 06, 2020",2040.22,2053.09,2062.57,2032.13,865.59M,-2.16%
"Mar 05, 2020",2085.26,2078.11,2089.08,2059.99,675.20M,1.26%
"Mar 04, 2020",2059.33,2005.81,2063.59,2005.81,606.29M,2.24%
"Mar 03, 2020",2014.15,2051.85,2051.85,2009.39,615.69M,0.58%
"Mar 02, 2020",2002.51,1997.03,2017.07,1969.34,528.10M,0.78%
"Feb 28, 2020",1987.01,2020.17,2031.01,1980.82,671.55M,-3.30%
"Feb 27, 2020",2054.89,2073.87,2085.4,2049.15,562.77M,-1.05%
"Feb 26, 2020",2076.77,2064.07,2089.64,2059.13,810.94M,-1.28%
"Feb 25, 2020",2103.61,2075.55,2105.49,2071.5,1.57B,1.18%
"Feb 24, 2020",2079.04,2114.04,2120.06,2079.03,948.62M,-3.87%
"Feb 21, 2020",2162.84,2165.65,2184.43,2160.28,635.47M,-1.49%
"Feb 20, 2020",2195.5,2223.55,2228.18,2186.72,709.56M,-0.67%
"Feb 19, 2020",2210.34,2222.51,2226,2191.2,591.16M,0.07%
"Feb 18, 2020",2208.88,2225.98,2232.93,2205.21,470.42M,-1.48%
"Feb 17, 2020",2242.17,2243.07,2250.05,2230.26,458.25M,-0.06%
"Feb 14, 2020",2243.59,2232.71,2251.5,2221.9,597.22M,0.48%
"Feb 13, 2020",2232.96,2245.72,2255.49,2230.3,638.67M,-0.24%
"Feb 12, 2020",2238.38,2225.95,2242.24,2214.77,632.46M,0.69%
"Feb 11, 2020",2223.12,2213.5,2233.32,2211.25,526.21M,1.00%
"Feb 10, 2020",2201.07,2185.63,2203.39,2180.51,609.57M,-0.49%
"Feb 07, 2020",2211.95,2221.49,2223.92,2198.14,800.34M,-0.72%
"Feb 06, 2020",2227.94,2184.77,2229.99,2182.25,695.22M,2.88%
"Feb 05, 2020",2165.63,2177.26,2181.52,2154.88,574.40M,0.36%
"Feb 04, 2020",2157.9,2121.22,2162.32,2120.53,624.64M,1.84%
"Feb 03, 2020",2118.88,2086.61,2126.73,2082.74,836.70M,-0.01%
"Jan 31, 2020",2119.01,2160.6,2167.23,2119.01,710.51M,-1.35%
"Jan 30, 2020",2148,2181.54,2187.45,2139.72,602.84M,-1.71%
"Jan 29, 2020",2185.28,2188.18,2195.45,2172.33,692.30M,0.39%
"Jan 28, 2020",2176.72,2192.22,2199.93,2166.23,808.88M,-3.09%
"Jan 23, 2020",2246.13,2254.54,2260.63,2241.94,509.61M,-0.93%
"Jan 22, 2020",2267.25,2238.53,2269.27,2235.13,608.51M,1.23%
"Jan 21, 2020",2239.69,2259.81,2266.31,2238.25,770.32M,-1.01%
"Jan 20, 2020",2262.64,2261.4,2277.23,2258.09,545.49M,0.54%
"Jan 17, 2020",2250.57,2261.57,2268.71,2245.58,580.82M,0.11%
"Jan 16, 2020",2248.05,2231.93,2249.09,2225.41,808.33M,0.77%
"Jan 15, 2020",2230.98,2229.8,2238.21,2223.39,746.16M,-0.35%
"Jan 14, 2020",2238.88,2243.06,2250.79,2232.94,835.90M,0.43%
"Jan 13, 2020",2229.26,2204.49,2230.43,2204.49,488.29M,1.04%
"Jan 10, 2020",2206.39,2189.48,2206.92,2188.1,594.54M,0.91%
"Jan 09, 2020",2186.45,2182.2,2186.45,2172.16,592.60M,1.63%
"Jan 08, 2020",2151.31,2156.27,2162.32,2137.72,913.83M,-1.11%
"Jan 07, 2020",2175.54,2166.6,2181.62,2164.27,568.24M,0.95%
"Jan 06, 2020",2155.07,2154.97,2164.42,2149.95,592.67M,-0.98%
"Jan 03, 2020",2176.46,2192.58,2203.38,2165.39,631.56M,0.06%
"Jan 02, 2020",2175.17,2201.21,2202.32,2171.84,494.68M,-1.02%
"Dec 30, 2019",2197.67,2202.62,2208.04,2195.65,416.40M,-0.30%
"Dec 27, 2019",2204.21,2183.7,2215.55,2177.4,490.17M,0.29%
"Dec 26, 2019",2197.93,2192.22,2198.01,2183.9,571.31M,0.36%
"Dec 24, 2019",2190.08,2206.23,2206.23,2187.58,569.97M,-0.62%
"Dec 23, 2019",2203.71,2208.22,2209.2,2196.43,502.03M,-0.02%
"Dec 20, 2019",2204.18,2205.57,2206.82,2194.8,646.68M,0.35%
"Dec 19, 2019",2196.56,2199.42,2204.73,2186.59,643.14M,0.08%
"Dec 18, 2019",2194.76,2194.92,2204.04,2187.32,591.11M,-0.04%
"Dec 17, 2019",2195.68,2179.4,2196.01,2171.09,599.53M,1.27%
"Dec 16, 2019",2168.15,2168.05,2175.01,2166.29,377.05M,-0.10%
"Dec 13, 2019",2170.25,2164.63,2170.25,2159.45,540.03M,1.54%
"Dec 12, 2019",2137.35,2120.13,2138.93,2120.13,584.64M,1.51%
"Dec 11, 2019",2105.62,2098.28,2109.22,2092.48,668.73M,0.36%
"Dec 10, 2019",2098,2081.22,2100.48,2080.16,500.06M,0.45%
"Dec 09, 2019",2088.65,2091.94,2093.81,2084.31,393.13M,0.33%
"Dec 06, 2019",2081.85,2072.44,2084.44,2070.17,440.19M,1.02%
"Dec 05, 2019",2060.74,2078.31,2084.29,2053.56,472.19M,-0.39%
"Dec 04, 2019",2068.89,2070.84,2072.91,2057.45,347.00M,-0.73%
"Dec 03, 2019",2084.07,2075.02,2085.71,2066.6,450.04M,-0.38%
"Dec 02, 2019",2091.92,2097.55,2103.87,2088.92,385.34M,0.19%
"Nov 29, 2019",2087.96,2125.53,2125.53,2085.1,433.26M,-1.45%
"Nov 28, 2019",2118.6,2116.93,2127.75,2116.58,335.23M,-0.43%
"Nov 27, 2019",2127.85,2134.47,2136.3,2118.07,367.80M,0.31%
"Nov 26, 2019",2121.35,2129.27,2139.64,2120.85,532.60M,-0.10%
"Nov 25, 2019",2123.5,2117.14,2130.04,2116.07,397.68M,1.02%
"Nov 22, 2019",2101.96,2098.89,2106.42,2093.99,519.85M,0.26%
"Nov 21, 2019",2096.6,2123.65,2125.36,2088.19,579.55M,-1.35%
"Nov 20, 2019",2125.32,2140.06,2145.97,2123.8,581.06M,-1.30%
"Nov 19, 2019",2153.24,2151.04,2154.41,2137.01,826.88M,-0.34%
"Nov 18, 2019",2160.69,2161.89,2165.89,2151.97,489.23M,-0.07%
"Nov 15, 2019",2162.18,2137.96,2165.02,2135.26,556.25M,1.07%
"Nov 14, 2019",2139.23,2127.54,2139.23,2121.32,521.11M,0.79%
"Nov 13, 2019",2122.45,2132.48,2133.37,2118.67,664.36M,-0.86%
"Nov 12, 2019",2140.92,2131.26,2140.94,2121.8,610.43M,0.79%
"Nov 11, 2019",2124.09,2139.07,2139.07,2119.07,617.27M,-0.61%
"Nov 08, 2019",2137.23,2154.18,2155.94,2133.75,574.13M,-0.33%
"Nov 07, 2019",2144.29,2141.05,2147.01,2135.45,425.66M,0.01%
"Nov 06, 2019",2144.15,2142.69,2156.23,2138.83,410.08M,0.07%
"Nov 05, 2019",2142.64,2133.66,2143.12,2128.7,400.64M,0.58%
"Nov 04, 2019",2130.24,2111.32,2130.83,2111.32,476.26M,1.43%
"Nov 01, 2019",2100.2,2084.79,2100.42,2081.53,418.31M,0.80%
"Oct 31, 2019",2083.48,2089.22,2103.71,2083.48,461.32M,0.15%
"Oct 30, 2019",2080.27,2093.51,2093.51,2075.54,415.55M,-0.59%
"Oct 29, 2019",2092.69,2103.92,2105.17,2088.04,357.66M,-0.04%
"Oct 28, 2019",2093.6,2096.67,2104.39,2089.76,269.23M,0.27%
"Oct 25, 2019",2087.89,2091.16,2091.24,2079.3,348.69M,0.11%
"Oct 24, 2019",2085.66,2089.85,2089.85,2067.9,367.72M,0.24%
"Oct 23, 2019",2080.62,2086.81,2088.25,2074.88,429.45M,-0.39%
"Oct 22, 2019",2088.86,2076.29,2093.81,2073.08,504.06M,1.16%
"Oct 21, 2019",2064.84,2067.97,2067.97,2059.33,606.11M,0.20%
"Oct 18, 2019",2060.69,2082.23,2088.54,2057.89,516.69M,-0.83%
"Oct 17, 2019",2077.94,2081.76,2087.15,2072.49,314.18M,-0.23%
"Oct 16, 2019",2082.83,2080.92,2090.01,2073.8,524.54M,0.71%
"Oct 15, 2019",2068.17,2064.78,2073.21,2064.34,464.53M,0.04%
"Oct 14, 2019",2067.4,2068.13,2075.1,2065.53,511.22M,1.11%
"Oct 11, 2019",2044.61,2048.08,2053.94,2040.48,381.15M,0.81%
"Oct 10, 2019",2028.15,2030.13,2040.88,2010.9,445.85M,-0.88%
"Oct 08, 2019",2046.25,2029.37,2046.81,2024.63,437.52M,1.21%
"Oct 07, 2019",2021.73,2031.53,2034.94,2016.19,322.18M,0.05%
"Oct 04, 2019",2020.69,2028.4,2039.43,2020.69,402.94M,-0.55%
"Oct 02, 2019",2031.91,2058.23,2058.23,2031.91,414.46M,-1.95%
"Oct 01, 2019",2072.42,2062.44,2077.48,2057.91,389.34M,0.45%
"Sep 30, 2019",2063.05,2045.77,2064.99,2042.01,327.62M,0.64%
"Sep 27, 2019",2049.93,2066.96,2066.96,2044.75,285.94M,-1.19%
"Sep 26, 2019",2074.52,2082.66,2087.33,2064.34,430.58M,0.05%
"Sep 25, 2019",2073.39,2093.47,2095.27,2072.41,651.55M,-1.32%
"Sep 24, 2019",2101.04,2090.19,2101.63,2085.91,535.77M,0.45%
"Sep 23, 2019",2091.7,2087.7,2095.54,2085.6,420.95M,0.01%
"Sep 20, 2019",2091.52,2080.86,2092.37,2077.3,589.92M,0.54%
"Sep 19, 2019",2080.35,2070.53,2089.81,2070.53,493.04M,0.46%
"Sep 18, 2019",2070.73,2064.42,2075.63,2058.52,613.15M,0.41%
"Sep 17, 2019",2062.33,2058.72,2066.33,2055.17,508.00M,0.01%
"Sep 16, 2019",2062.22,2056.26,2062.22,2044.8,493.52M,0.64%
"Sep 11, 2019",2049.2,2043.72,2050.8,2040.04,429.08M,0.84%
"Sep 10, 2019",2032.08,2024.79,2034.28,2021.58,504.39M,0.62%
"Sep 09, 2019",2019.55,2013.38,2029.8,2013.28,511.82M,0.52%
"Sep 06, 2019",2009.13,2016.11,2017.2,2005.69,384.44M,0.22%
"Sep 05, 2019",2004.75,1993.62,2015.39,1992.51,488.07M,0.82%
"Sep 04, 2019",1988.53,1962.43,1988.53,1962.08,348.72M,1.16%
"Sep 03, 2019",1965.69,1966.5,1976.37,1960.15,342.08M,-0.18%
"Sep 02, 2019",1969.19,1961.19,1973.25,1958.59,262.15M,0.07%
"Aug 30, 2019",1967.79,1951.66,1971.21,1951.3,317.73M,1.78%
"Aug 29, 2019",1933.41,1943.55,1947.15,1928.49,285.10M,-0.40%
"Aug 28, 2019",1941.09,1929.96,1943.62,1926.43,284.34M,0.86%
"Aug 27, 2019",1924.6,1928.98,1937.42,1919.28,427.04M,0.43%
"Aug 26, 2019",1916.31,1915.34,1924.49,1909.92,324.85M,-1.64%
"Aug 23, 2019",1948.3,1942.42,1953.85,1940.6,381.09M,-0.14%
"Aug 22, 2019",1951.01,1966.6,1967.96,1951.01,435.56M,-0.69%
"Aug 21, 2019",1964.65,1954.57,1971.12,1954.47,391.57M,0.22%
"Aug 20, 2019",1960.25,1942.99,1964.16,1937.53,463.60M,1.05%
"Aug 19, 2019",1939.9,1936.64,1943.09,1931.44,481.02M,0.66%
"Aug 16, 2019",1927.17,1921.49,1927.7,1911.72,421.68M,-0.58%
"Aug 14, 2019",1938.37,1946.18,1952.22,1937.23,699.59M,0.65%
"Aug 13, 2019",1925.83,1928.76,1937.68,1923.58,660.04M,-0.85%
"Aug 12, 2019",1942.29,1941.53,1949.19,1933.25,427.14M,0.23%
"Aug 09, 2019",1937.75,1940.06,1946.94,1936.14,654.34M,0.89%
"Aug 08, 2019",1920.61,1926.28,1937.95,1915.81,777.16M,0.57%
"Aug 07, 2019",1909.71,1925.33,1929.29,1901.61,760.78M,-0.41%
"Aug 06, 2019",1917.5,1900.36,1948.53,1891.81,739.59M,-1.51%
"Aug 05, 2019",1946.98,1985.93,1987.64,1945.39,639.60M,-2.56%
"Aug 02, 2019",1998.13,1995.31,2005.31,1987.12,438.54M,-0.95%
"Aug 01, 2019",2017.34,2015.09,2032.23,2009.33,461.74M,-0.36%
"Jul 31, 2019",2024.55,2036.46,2041.16,2010.95,589.39M,-0.69%
"Jul 30, 2019",2038.68,2035.32,2044.59,2032.61,547.03M,0.45%
"Jul 29, 2019",2029.48,2059.13,2063.13,2025.01,608.67M,-1.78%
"Jul 26, 2019",2066.26,2063.35,2068.16,2054.64,589.07M,-0.40%
"Jul 25, 2019",2074.48,2085.67,2088.81,2061.08,598.63M,-0.38%
"Jul 24, 2019",2082.3,2097.16,2105.68,2080.66,851.39M,-0.91%
"Jul 23, 2019",2101.45,2095.76,2106.39,2095.38,648.12M,0.39%
"Jul 22, 2019",2093.34,2090.35,2099.34,2087.51,332.63M,-0.05%
"Jul 19, 2019",2094.36,2080.21,2096.73,2076.51,394.90M,1.35%
"Jul 18, 2019",2066.55,2068.66,2073.2,2061.33,446.64M,-0.31%
"Jul 17, 2019",2072.92,2079.91,2080.01,2063.49,761.63M,-0.91%
"Jul 16, 2019",2091.87,2084.46,2096.67,2078.74,682.80M,0.45%
"Jul 15, 2019",2082.48,2083.39,2088.34,2073.1,463.52M,-0.20%
"Jul 12, 2019",2086.66,2083.53,2090.43,2077.35,403.94M,0.29%
"Jul 11, 2019",2080.58,2070.59,2088.24,2070.21,376.68M,1.06%
"Jul 10, 2019",2058.78,2061.55,2068.2,2056.48,355.68M,0.33%
"Jul 09, 2019",2052.03,2070.35,2075.3,2052.03,440.12M,-0.59%
"Jul 08, 2019",2064.17,2091.91,2092.54,2063.78,515.95M,-2.20%
"Jul 05, 2019",2110.59,2111,2115.43,2096.23,459.39M,0.09%
"Jul 04, 2019",2108.73,2102.36,2108.8,2088.97,446.93M,0.61%
"Jul 03, 2019",2096.02,2120.75,2127.71,2093.32,522.71M,-1.23%
"Jul 02, 2019",2122.02,2122.07,2130.86,2112.52,460.83M,-0.36%
"Jul 01, 2019",2129.74,2147.24,2147.24,2126.87,412.29M,-0.04%
"Jun 28, 2019",2130.62,2135.06,2139.24,2123.97,537.27M,-0.17%
"Jun 27, 2019",2134.32,2120.73,2141.27,2118.22,644.90M,0.59%
"Jun 26, 2019",2121.85,2120.2,2128.25,2115.72,736.85M,0.01%
"Jun 25, 2019",2121.64,2125.74,2136.24,2115.11,643.00M,-0.22%
"Jun 24, 2019",2126.33,2130.32,2134.48,2123.88,669.64M,0.03%
"Jun 21, 2019",2125.62,2132.38,2132.68,2120.15,692.03M,-0.27%
"Jun 20, 2019",2131.29,2121.78,2131.77,2120.42,1.01B,0.31%
"Jun 19, 2019",2124.78,2119.54,2126.74,2117.64,862.98M,1.24%
"Jun 18, 2019",2098.71,2089.31,2103.02,2089.31,600.96M,0.38%
"Jun 17, 2019",2090.73,2091.71,2103.59,2087.25,561.55M,-0.22%
"Jun 14, 2019",2095.41,2096.32,2103.02,2087.47,473.37M,-0.37%
"Jun 13, 2019",2103.15,2104.46,2108.01,2081.92,553.39M,-0.27%
"Jun 12, 2019",2108.75,2111.66,2118.89,2104.41,693.51M,-0.14%
"Jun 11, 2019",2111.81,2096.09,2114.57,2094.6,550.74M,0.59%
"Jun 10, 2019",2099.49,2087.37,2099.65,2075.51,457.64M,1.31%
"Jun 07, 2019",2072.33,2070.78,2081.16,2057.97,368.39M,0.16%
"Jun 05, 2019",2069.11,2084.16,2086.49,2065.71,380.16M,0.10%
"Jun 04, 2019",2066.97,2066.78,2072.19,2060.98,435.99M,-0.04%
"Jun 03, 2019",2067.85,2031.03,2070.58,2029.17,387.14M,1.28%
"May 31, 2019",2041.74,2029.03,2048.9,2022.97,439.18M,0.14%
"May 30, 2019",2038.8,2024.33,2040.66,2023.91,461.85M,0.77%
"May 29, 2019",2023.32,2046.71,2046.71,2016.25,380.89M,-1.25%
"May 28, 2019",2048.83,2044.77,2058.42,2038.52,494.48M,0.23%
"May 27, 2019",2044.21,2044.25,2055.13,2035.87,351.62M,-0.05%
"May 24, 2019",2045.31,2047.3,2057.38,2035.98,480.65M,-0.69%
"May 23, 2019",2059.59,2063.25,2065.86,2046.82,509.27M,-0.26%
"May 22, 2019",2064.86,2068.65,2070.8,2048.01,509.97M,0.18%
"May 21, 2019",2061.25,2056.95,2076.47,2053.69,526.86M,0.27%
"May 20, 2019",2055.71,2066.53,2077.1,2051.69,640.20M,-0.00%
"May 17, 2019",2055.8,2081.57,2082.83,2053.79,537.38M,-0.58%
"May 16, 2019",2067.69,2094.88,2095.58,2062.44,745.16M,-1.20%
"May 15, 2019",2092.78,2081.92,2100.01,2076.46,577.79M,0.53%
"May 14, 2019",2081.84,2060.24,2093.41,2056.74,696.20M,0.14%
"May 13, 2019",2079.01,2091.8,2101.09,2077.72,505.75M,-1.38%
"May 10, 2019",2108.04,2118.42,2124.92,2090.39,714.77M,0.29%
"May 09, 2019",2102.01,2159.79,2164.98,2102.01,743.51M,-3.04%
"May 08, 2019",2168.01,2151.34,2179.34,2151.34,456.33M,-0.41%
"May 07, 2019",2176.99,2172.39,2179.51,2160.44,484.10M,-0.88%
"May 03, 2019",2196.32,2209.44,2211.36,2192.36,617.88M,-0.74%
"May 02, 2019",2212.75,2192.94,2217.03,2191.3,369.06M,0.42%
"Apr 30, 2019",2203.59,2213.43,2215.77,2186.33,381.41M,-0.58%
"Apr 29, 2019",2216.43,2183.41,2216.43,2181.82,380.82M,1.70%
"Apr 26, 2019",2179.31,2178.13,2186.52,2168.15,570.17M,-0.51%
"Apr 25, 2019",2190.5,2195.47,2200.89,2187.44,441.14M,-0.48%
"Apr 24, 2019",2201.03,2229.75,2229.75,2190.29,575.10M,-0.88%
"Apr 23, 2019",2220.51,2217.61,2223.92,2212.14,481.18M,0.17%
"Apr 22, 2019",2216.65,2218.5,2227.94,2207.25,493.98M,0.02%
"Apr 19, 2019",2216.15,2223.42,2225.37,2215.58,525.26M,0.11%
"Apr 18, 2019",2213.77,2248.8,2250.11,2210.43,573.34M,-1.43%
"Apr 17, 2019",2245.89,2249.05,2252.05,2242.01,452.47M,-0.12%
"Apr 16, 2019",2248.63,2241.06,2249.89,2235.72,569.06M,0.26%
"Apr 15, 2019",2242.88,2242.31,2251.22,2240.29,404.16M,0.42%
"Apr 12, 2019",2233.45,2221.1,2233.45,2212.88,449.63M,0.41%
"Apr 11, 2019",2224.44,2227.69,2230.41,2217.18,402.02M,0.00%
"Apr 10, 2019",2224.39,2206.2,2225.02,2203.82,399.69M,0.49%
"Apr 09, 2019",2213.56,2212.32,2221.62,2203.54,414.81M,0.13%
"Apr 08, 2019",2210.6,2217.66,2217.87,2202.49,347.91M,0.04%
"Apr 05, 2019",2209.61,2206.36,2214.82,2205.26,517.15M,0.14%
"Apr 04, 2019",2206.53,2201.04,2216.15,2198.66,431.01M,0.15%
"Apr 03, 2019",2203.27,2176.81,2203.29,2172.83,358.64M,1.20%
"Apr 02, 2019",2177.18,2177.2,2181.37,2171.84,257.45M,0.41%
"Apr 01, 2019",2168.28,2153.31,2171.49,2153.31,263.31M,1.29%
"Mar 29, 2019",2140.67,2138.45,2143.3,2124.07,364.62M,0.59%
"Mar 28, 2019",2128.1,2131.25,2136.4,2120.93,288.04M,-0.82%
"Mar 27, 2019",2145.62,2147.19,2152.91,2132.42,363.17M,-0.15%
"Mar 26, 2019",2148.8,2152.98,2153.9,2143.63,301.25M,0.18%
"Mar 25, 2019",2144.86,2158.8,2159.25,2143.7,307.07M,-1.92%
"Mar 22, 2019",2186.95,2192.72,2195.42,2178.77,333.62M,0.09%
"Mar 21, 2019",2184.88,2183.11,2200.32,2173.7,342.75M,0.36%
"Mar 20, 2019",2177.1,2171.41,2177.19,2152.21,317.61M,-0.02%
"Mar 19, 2019",2177.62,2183.03,2183.76,2171.05,319.70M,-0.09%
"Mar 18, 2019",2179.49,2179.69,2183.9,2172.34,257.95M,0.16%
"Mar 15, 2019",2176.11,2152.96,2181.77,2152.59,387.14M,0.95%
"Mar 14, 2019",2155.68,2154.35,2158.34,2142.31,341.01M,0.34%
"Mar 13, 2019",2148.41,2152.66,2154.11,2134.16,285.60M,-0.41%
"Mar 12, 2019",2157.18,2154.61,2161.69,2150.96,355.28M,0.89%
"Mar 11, 2019",2138.1,2140.29,2145.31,2125.54,272.10M,0.03%
"Mar 08, 2019",2137.44,2152.8,2159.67,2137.44,313.31M,-1.31%
"Mar 07, 2019",2165.79,2173.19,2181.19,2155.19,292.58M,-0.45%
"Mar 06, 2019",2175.6,2177.11,2179.01,2168.46,328.94M,-0.17%
"Mar 05, 2019",2179.23,2183.35,2185.74,2171.33,313.14M,-0.52%
"Mar 04, 2019",2190.66,2210.97,2216.02,2188.56,373.17M,-0.22%
"Feb 28, 2019",2195.44,2231.58,2233.93,2195.44,510.02M,-1.76%
"Feb 27, 2019",2234.79,2234.46,2237.77,2228.16,301.51M,0.37%
"Feb 26, 2019",2226.6,2230.37,2235.7,2221.76,331.96M,-0.27%
"Feb 25, 2019",2232.56,2241.13,2241.76,2224.64,339.23M,0.09%
"Feb 22, 2019",2230.5,2222.32,2230.5,2217.08,409.31M,0.08%
"Feb 21, 2019",2228.66,2224.26,2234.31,2213.19,382.51M,-0.05%
"Feb 20, 2019",2229.76,2216.74,2234.68,2213.83,374.34M,1.09%
"Feb 19, 2019",2205.63,2208.96,2213.87,2193.34,389.09M,-0.24%
"Feb 18, 2019",2210.89,2207.36,2217.32,2203,314.37M,0.67%
"Feb 15, 2019",2196.09,2210.94,2210.94,2187.71,400.59M,-1.34%
"Feb 14, 2019",2225.85,2195.92,2225.85,2186.09,573.36M,1.11%
"Feb 13, 2019",2201.48,2200,2203.71,2194.75,421.99M,0.50%
"Feb 12, 2019",2190.47,2182.71,2195.05,2178.59,429.94M,0.45%
"Feb 11, 2019",2180.73,2180.54,2181.58,2167.36,406.06M,0.17%
"Feb 08, 2019",2177.05,2192.01,2192.48,2171.96,391.03M,-1.20%
"Feb 07, 2019",2203.42,2215.77,2215.79,2196.77,427.84M,-0.00%
"Feb 01, 2019",2203.46,2211.93,2218.78,2201.41,479.38M,-0.06%
"Jan 31, 2019",2204.85,2222.88,2222.88,2201.22,545.25M,-0.06%
"Jan 30, 2019",2206.2,2183.49,2206.2,2177.88,480.39M,1.05%
"Jan 29, 2019",2183.36,2172.83,2183.36,2162.53,552.59M,0.28%
"Jan 28, 2019",2177.3,2184.41,2188.15,2169.17,371.62M,-0.02%
"Jan 25, 2019",2177.73,2147.92,2178.01,2146.64,410.00M,1.52%
"Jan 24, 2019",2145.03,2127.88,2145.08,2125.48,413.65M,0.81%
"Jan 23, 2019",2127.78,2108.72,2131.05,2106.74,408.60M,0.47%
"Jan 22, 2019",2117.77,2126.03,2129.37,2108.91,419.44M,-0.32%
"Jan 21, 2019",2124.61,2133.87,2134.17,2114.45,398.03M,0.02%
"Jan 18, 2019",2124.28,2116.43,2124.5,2113.44,456.74M,0.82%
"Jan 17, 2019",2107.06,2110.14,2117.43,2101.7,475.88M,0.05%
"Jan 16, 2019",2106.1,2098.65,2106.35,2091.92,500.08M,0.43%
"Jan 15, 2019",2097.18,2069.14,2098.01,2067.58,439.49M,1.58%
"Jan 14, 2019",2064.52,2070.49,2073.94,2059.46,432.89M,-0.53%
"Jan 11, 2019",2075.57,2070.36,2076.99,2063.99,380.06M,0.60%
"Jan 10, 2019",2063.28,2065.73,2072.81,2057.16,382.88M,-0.07%
"Jan 09, 2019",2064.71,2034.19,2068.23,2034.19,386.25M,1.95%
"Jan 08, 2019",2025.27,2038.68,2042.7,2023.59,397.83M,-0.58%
"Jan 07, 2019",2037.1,2034.24,2048.06,2030.9,440.19M,1.34%
"Jan 04, 2019",2010.25,1992.4,2011.56,1984.53,408.99M,0.83%
"Jan 03, 2019",1993.7,2011.81,2014.72,1991.65,427.98M,-0.81%
"Jan 02, 2019",2010,2050.55,2053.45,2004.27,326.37M,-1.52%
